change	path	bytes	sha256
M	README.md	10411	55acccaf6a80d6d0f1710d1316cd836f4372ffb583421beb4b3ec3bf8dd31d1c
M	artifacts/c5_excess_two_c44pp/REPORT.md	21727	6baa1dff6f1a280b5e05c272b9f16a46b38a16f026ab969288281e8e5d891179
A	artifacts/c5_excess_two_no_mixed_core44/observations.json	992965	e2b74cc9516d2131b1ad53e98558d4a0131172a5d98e3fd828814ede9a795097
A	audits/2026-10-07-c44pp-mixed-audit/REPORT.md	7433	81b83315dde45b8add60f4c70caec5eef84a206f20351cbc4969b8899ef55636
A	audits/2026-10-07-c44pp-mixed-audit/validation.json	6858	08b7ec78ca8d2a3527b6adfb55312c2a48614410aedbc9a39d0b7c341376a50b
A	audits/2026-10-07-c44pp-mixed-audit/verify.py	26691	7a1329bd3f5c6ee79735a5954fd15dc30434d7e3ca07ec30fed7cad65d82824e
M	docs/STATUS.md	131682	2f1fa35c5df2d62695b307dc2e4494b92f6508b4465b783a7910753f3ddadb6f
M	docs/c5_excess_two_mixed_core_spoke_unary.md	11957	2ec389e9f58669d84dbd7308018c3770956af588a42954b3b1844f804da4ed7a
M	docs/c5_excess_two_mixed_core_spokes.md	13065	2fe0780d75175f1ccee38a20939eb29f89048a67a82c07fb20afb59ac7680136
M	docs/c5_excess_two_mixed_core_two_unary.md	13056	f7378979203061ac5743af1d962d12fbe61a8ffbcd37aaa1a3b206ee6bc95c3c
M	docs/c5_excess_two_mixed_omission.md	13620	27a974285e24ef8fe300b42a76cd35c6b835bb97a46a6cc5218a4d01008598d3
A	docs/c5_excess_two_no_mixed_core44.md	8880	ab3dcd2ff66ec3a2508f91d74991d8f04fa7f9446c2addf5430d5e1b5f798dab
M	docs/c5_kempe_guide.md	38140	7cbad5d926f8d92a3fa2d4c83256833713608adba15d6013d9b413dfbe8d2778
A	docs/history/2026-10-07-c44pp-integration-review.md	4753	660592e2d2d2b80ce5cea74fcfb833bb61378ba1232cb16c24ac59d0b8039b0e
A	docs/history/2026-10-07-merge-readiness-tasks.md	10543	d2c1d612fb9549faa409b2dc89728f71c86ed66428900b6cf532057fbbbcf290
A	docs/history/2026-10-07-no-mixed-core44.md	3912	4e7f611b356e03eafe79358336dc4146e4f19f90a3d0e9bf153bf854555c6602
A	scripts/c5_excess_two_no_mixed_core44.py	7222	f5534863c0fa6779cd00f9cb304d8a3565cbaed239e7f1eb7276b356b0ceadc1
